m,n,mlx_current_mean_s,mlx_current_stderr_s,torch_hybrid_mean_s,torch_hybrid_stderr_s,torch_hybrid_status,scipy_cpu_mean_s,scipy_cpu_stderr_s,numpy_chol_mean_s,numpy_chol_stderr_s
16384,1024,0.009,0.001,0.009,0.001,supported,0.016,0.000,0.036,0.001
32768,1024,0.011,0.000,0.012,0.000,supported,0.026,0.001,0.047,0.000
65536,1024,0.015,0.000,0.019,0.000,supported,0.046,0.000,0.069,0.001
131072,1024,0.025,0.000,0.032,0.000,supported,0.083,0.000,0.108,0.000
262144,1024,0.046,0.000,0.075,0.002,supported,0.161,0.003,0.181,0.003
524288,1024,0.089,0.000,0.165,0.003,supported,0.344,0.006,0.354,0.009
1048576,1024,0.171,0.001,0.309,0.003,supported,0.622,0.003,0.643,0.002
2097152,1024,0.341,0.002,,,unsupported,1.295,0.040,1.299,0.027
4194304,1024,0.699,0.004,,,unsupported,2.427,0.001,2.443,0.003
